"name","url","title","description","keywords"
"mainPage","https://www.titanslockerroom.com/","Tennessee Titans Merchandise at TitansLockerRoom.com | Titans Locker Room","TitansLockerRoom.com is the official pro shop of the Tennessee Titans, your store to find Titans jerseys, Tees, Hats, Titans Ladies Apparel, Nike Jerseys.",
"Jerseys","https://www.titanslockerroom.com/collections/jerseys","Titans Jerseys | Titans Locker Room","TitansLockerRoom.com is the official pro shop of the Tennessee Titans, your store to find Titans jerseys, Tees, Hats, Titans Ladies Apparel, Nike Jerseys.",
"Game","https://www.titanslockerroom.com/collections/titans-game-jerseys","Titans Game Jerseys | Titans Locker Room","TitansLockerRoom.com is the official pro shop of the Tennessee Titans, your store to find Titans jerseys, Tees, Hats, Titans Ladies Apparel, Nike Jerseys.",
"Limited","https://www.titanslockerroom.com/collections/titans-limited-jerseys","Titans Limited Jerseys | Titans Locker Room","TitansLockerRoom.com is the official pro shop of the Tennessee Titans, your store to find Titans jerseys, Tees, Hats, Titans Ladies Apparel, Nike Jerseys.",
"Elite","https://www.titanslockerroom.com/collections/titans-elite-jerseys","Titans Elite Jerseys | Titans Locker Room","TitansLockerRoom.com is the official pro shop of the Tennessee Titans, your store to find Titans jerseys, Tees, Hats, Titans Ladies Apparel, Nike Jerseys.",
"Women","https://www.titanslockerroom.com/collections/womens-titans-jerseys","Women's Titans Jerseys | Women's Titans Jerseys | Titans Locker Room","TitansLockerRoom.com is the official pro shop of the Tennessee Titans, your store to find Titans jerseys, Tees, Hats, Titans Ladies Apparel, Nike Jerseys.",
"Youth","https://www.titanslockerroom.com/collections/kids-titans-jerseys","Kids Titans Jerseys | Titans Locker Room","TitansLockerRoom.com is the official pro shop of the Tennessee Titans, your store to find Titans jerseys, Tees, Hats, Titans Ladies Apparel, Nike Jerseys.",
"Personalized","https://www.titanslockerroom.com/collections/personalized-titans-jerseys","Personalized Titans Jerseys & T-Shirts | Personalized Titans Jerseys & T-Shirts | Titans Locker Room","TitansLockerRoom.com is the official pro shop of the Tennessee Titans, your store to find Titans jerseys, Tees, Hats, Titans Ladies Apparel, Nike Jerseys.",
"Men","https://www.titanslockerroom.com/collections/mens-titans-apparel","Men's Titans Apparel | Men's Titans Apparel | Titans Locker Room","TitansLockerRoom.com is the official pro shop of the Tennessee Titans, your store to find Titans jerseys, Tees, Hats, Titans Ladies Apparel, Nike Jerseys.",
"Jerseys","https://www.titanslockerroom.com/collections/mens-titans-jerseys","Men's Titans Jerseys | Men's Titans Jerseys | Titans Locker Room","TitansLockerRoom.com is the official pro shop of the Tennessee Titans, your store to find Titans jerseys, Tees, Hats, Titans Ladies Apparel, Nike Jerseys.",
"T-Shirts","https://www.titanslockerroom.com/collections/mens-titans-t-shirts","Men's Titans T-Shirts | Men's Titans T-Shirts | Titans Locker Room","TitansLockerRoom.com is the official pro shop of the Tennessee Titans, your store to find Titans jerseys, Tees, Hats, Titans Ladies Apparel, Nike Jerseys.",
"Sweatshirts & Jackets","https://www.titanslockerroom.com/collections/mens-titans-sweatshirts-jackets","Men's Titans Sweatshirts & Jackets | Men's Titans Sweatshirts & Jackets | Titans Locker Room","TitansLockerRoom.com is the official pro shop of the Tennessee Titans, your store to find Titans jerseys, Tees, Hats, Titans Ladies Apparel, Nike Jerseys.",
"Hats","https://www.titanslockerroom.com/collections/mens-titans-hats","Men's Titans Hats | Men's Titans Hats | Titans Locker Room","TitansLockerRoom.com is the official pro shop of the Tennessee Titans, your store to find Titans jerseys, Tees, Hats, Titans Ladies Apparel, Nike Jerseys.",
"Polos & Sport Shirts","https://www.titanslockerroom.com/collections/mens-titans-polos-sport-shirts","Men's Titans Polos & Sport Shirts | Men's Titans Polos & Sport Shirts | Titans Locker Room","TitansLockerRoom.com is the official pro shop of the Tennessee Titans, your store to find Titans jerseys, Tees, Hats, Titans Ladies Apparel, Nike Jerseys.",
"Pants & Shorts","https://www.titanslockerroom.com/collections/mens-titans-pants-shorts","Men's Titans Pants & Shorts | Men's Titans Pants & Shorts | Titans Locker Room","TitansLockerRoom.com is the official pro shop of the Tennessee Titans, your store to find Titans jerseys, Tees, Hats, Titans Ladies Apparel, Nike Jerseys.",
"3X-5X","https://www.titanslockerroom.com/collections/titans-extended-sizes","Titans Extended Sizes | Titans Locker Room","TitansLockerRoom.com is the official pro shop of the Tennessee Titans, your store to find Titans jerseys, Tees, Hats, Titans Ladies Apparel, Nike Jerseys.",
"Footwear","https://www.titanslockerroom.com/collections/mens-titans-footwear","Men's Titans Footwear | Men's Titans Footwear | Titans Locker Room","TitansLockerRoom.com is the official pro shop of the Tennessee Titans, your store to find Titans jerseys, Tees, Hats, Titans Ladies Apparel, Nike Jerseys.",
"Accessories","https://www.titanslockerroom.com/collections/mens-titans-accessories","Men's Titans Accessories | Men's Titans Accessories | Titans Locker Room","TitansLockerRoom.com is the official pro shop of the Tennessee Titans, your store to find Titans jerseys, Tees, Hats, Titans Ladies Apparel, Nike Jerseys.",
"Women","https://www.titanslockerroom.com/collections/womens-titans-apparel","Women's Titans Apparel | Women's Titans Apparel | Titans Locker Room","TitansLockerRoom.com is the official pro shop of the Tennessee Titans, your store to find Titans jerseys, Tees, Hats, Titans Ladies Apparel, Nike Jerseys.",
"Jerseys","https://www.titanslockerroom.com/collections/womens-titans-jerseys","Women's Titans Jerseys | Women's Titans Jerseys | Titans Locker Room","TitansLockerRoom.com is the official pro shop of the Tennessee Titans, your store to find Titans jerseys, Tees, Hats, Titans Ladies Apparel, Nike Jerseys.",
"T-Shirts & Tanks","https://www.titanslockerroom.com/collections/womens-titans-tees-tanks","Women's Titans T-Shirts & Tanks | Women's Titans T-Shirts & Tanks | Titans Locker Room","TitansLockerRoom.com is the official pro shop of the Tennessee Titans, your store to find Titans jerseys, Tees, Hats, Titans Ladies Apparel, Nike Jerseys.",
"Sweatshirts & Jackets","https://www.titanslockerroom.com/collections/titans-womens-sweatshirts-jackets","Titans Women's Sweatshirts & Jackets | Titans Women's Sweatshirts & Jackets | Titans Locker Room","TitansLockerRoom.com is the official pro shop of the Tennessee Titans, your store to find Titans jerseys, Tees, Hats, Titans Ladies Apparel, Nike Jerseys.",
"Hats","https://www.titanslockerroom.com/collections/womens-titans-hats","Women's Titans Hats | Women's Titans Hats | Titans Locker Room","TitansLockerRoom.com is the official pro shop of the Tennessee Titans, your store to find Titans jerseys, Tees, Hats, Titans Ladies Apparel, Nike Jerseys.",
"Pants & Shorts","https://www.titanslockerroom.com/collections/womens-titans-pants-shorts","Women's Titans Pants & Shorts | Women's Titans Pants & Shorts | Titans Locker Room","TitansLockerRoom.com is the official pro shop of the Tennessee Titans, your store to find Titans jerseys, Tees, Hats, Titans Ladies Apparel, Nike Jerseys.",
"Footwear","https://www.titanslockerroom.com/collections/womens-titans-footwear","Women's Titans Footwear | Women's Titans Footwear | Titans Locker Room","TitansLockerRoom.com is the official pro shop of the Tennessee Titans, your store to find Titans jerseys, Tees, Hats, Titans Ladies Apparel, Nike Jerseys.",
"Accessories & Jewelry","https://www.titanslockerroom.com/collections/womens-titans-accessories-jewelry","Women's Titans Accessories & Jewelry | Women's Titans Accessories & Jewelry | Titans Locker Room","TitansLockerRoom.com is the official pro shop of the Tennessee Titans, your store to find Titans jerseys, Tees, Hats, Titans Ladies Apparel, Nike Jerseys.",
"Kids","https://www.titanslockerroom.com/collections/kids-titans-apparel","Kids' Titans Apparel | Kids' Titans Apparel | Titans Locker Room","TitansLockerRoom.com is the official pro shop of the Tennessee Titans, your store to find Titans jerseys, Tees, Hats, Titans Ladies Apparel, Nike Jerseys.",
"Jerseys","https://www.titanslockerroom.com/collections/kids-titans-jerseys","Kids Titans Jerseys | Titans Locker Room","TitansLockerRoom.com is the official pro shop of the Tennessee Titans, your store to find Titans jerseys, Tees, Hats, Titans Ladies Apparel, Nike Jerseys.",
"Infant & Toddler","https://www.titanslockerroom.com/collections/infant-toddler-titans-apparel","Infant & Toddler Titans Apparel | Infant & Toddler Titans Apparel | Titans Locker Room","TitansLockerRoom.com is the official pro shop of the Tennessee Titans, your store to find Titans jerseys, Tees, Hats, Titans Ladies Apparel, Nike Jerseys.",
"Girls","https://www.titanslockerroom.com/collections/girls-titans-apparel","Girls Titans Apparel | Titans Locker Room","TitansLockerRoom.com is the official pro shop of the Tennessee Titans, your store to find Titans jerseys, Tees, Hats, Titans Ladies Apparel, Nike Jerseys.",
"Youth","https://www.titanslockerroom.com/collections/youth-titans-apparel","Youth Titans Apparel | Titans Locker Room","TitansLockerRoom.com is the official pro shop of the Tennessee Titans, your store to find Titans jerseys, Tees, Hats, Titans Ladies Apparel, Nike Jerseys.",
"Hats","https://www.titanslockerroom.com/collections/kids-titans-hats","Kids' Titans Hats | Kids' Titans Hats | Titans Locker Room","TitansLockerRoom.com is the official pro shop of the Tennessee Titans, your store to find Titans jerseys, Tees, Hats, Titans Ladies Apparel, Nike Jerseys.",
"Games & Toys","https://www.titanslockerroom.com/collections/titans-games-toys","Titans Games & Toys | Titans Games & Toys | Titans Locker Room","TitansLockerRoom.com is the official pro shop of the Tennessee Titans, your store to find Titans jerseys, Tees, Hats, Titans Ladies Apparel, Nike Jerseys.",
"Hats","https://www.titanslockerroom.com/collections/titans-hats","Titans Hats | Titans Locker Room","TitansLockerRoom.com is the official pro shop of the Tennessee Titans, your store to find Titans jerseys, Tees, Hats, Titans Ladies Apparel, Nike Jerseys.",
"Fitted & Flex","https://www.titanslockerroom.com/collections/fitted-flex-titans-hats","Fitted & Flex Titans Hats | Fitted & Flex Titans Hats | Titans Locker Room","TitansLockerRoom.com is the official pro shop of the Tennessee Titans, your store to find Titans jerseys, Tees, Hats, Titans Ladies Apparel, Nike Jerseys.",
"Adjustable","https://www.titanslockerroom.com/collections/adjustable-titans-hats","Adjustable Titans Hats | Titans Locker Room","TitansLockerRoom.com is the official pro shop of the Tennessee Titans, your store to find Titans jerseys, Tees, Hats, Titans Ladies Apparel, Nike Jerseys.",
"Women","https://www.titanslockerroom.com/collections/womens-titans-hats","Women's Titans Hats | Women's Titans Hats | Titans Locker Room","TitansLockerRoom.com is the official pro shop of the Tennessee Titans, your store to find Titans jerseys, Tees, Hats, Titans Ladies Apparel, Nike Jerseys.",
"Kids","https://www.titanslockerroom.com/collections/kids-titans-hats","Kids' Titans Hats | Kids' Titans Hats | Titans Locker Room","TitansLockerRoom.com is the official pro shop of the Tennessee Titans, your store to find Titans jerseys, Tees, Hats, Titans Ladies Apparel, Nike Jerseys.",
"Knit & Winter Accessories","https://www.titanslockerroom.com/collections/knit-winter-accessories","Knit & Winter Accessories | Knit & Winter Accessories | Titans Locker Room","TitansLockerRoom.com is the official pro shop of the Tennessee Titans, your store to find Titans jerseys, Tees, Hats, Titans Ladies Apparel, Nike Jerseys.",
"Novelty","https://www.titanslockerroom.com/collections/titans-novelties","Titans Novelties | Titans Locker Room","TitansLockerRoom.com is the official pro shop of the Tennessee Titans, your store to find Titans jerseys, Tees, Hats, Titans Ladies Apparel, Nike Jerseys.",
"Helmets & Footballs","https://www.titanslockerroom.com/collections/helmets-footballs","Helmets & Footballs | Helmets & Footballs | Titans Locker Room","TitansLockerRoom.com is the official pro shop of the Tennessee Titans, your store to find Titans jerseys, Tees, Hats, Titans Ladies Apparel, Nike Jerseys.",
"Tailgate","https://www.titanslockerroom.com/collections/titans-tailgate-gear","Titans Tailgate Gear | Titans Locker Room","TitansLockerRoom.com is the official pro shop of the Tennessee Titans, your store to find Titans jerseys, Tees, Hats, Titans Ladies Apparel, Nike Jerseys.",
"Car Accessories","https://www.titanslockerroom.com/collections/titans-car-accessories","Titans Car Accessories | Titans Locker Room","TitansLockerRoom.com is the official pro shop of the Tennessee Titans, your store to find Titans jerseys, Tees, Hats, Titans Ladies Apparel, Nike Jerseys.",
"Golf Accessories","https://www.titanslockerroom.com/collections/golf-accessories","Titans Golf Accessories | Titans Locker Room","TitansLockerRoom.com is the official pro shop of the Tennessee Titans, your store to find Titans jerseys, Tees, Hats, Titans Ladies Apparel, Nike Jerseys.",
"Pet Accessories","https://www.titanslockerroom.com/collections/pet-accessories","Titans Pet Accessories | Titans Locker Room","TitansLockerRoom.com is the official pro shop of the Tennessee Titans, your store to find Titans jerseys, Tees, Hats, Titans Ladies Apparel, Nike Jerseys.",
"Games & Toys","https://www.titanslockerroom.com/collections/titans-games-toys","Titans Games & Toys | Titans Games & Toys | Titans Locker Room","TitansLockerRoom.com is the official pro shop of the Tennessee Titans, your store to find Titans jerseys, Tees, Hats, Titans Ladies Apparel, Nike Jerseys.",
"Home & Office","https://www.titanslockerroom.com/collections/home-office","Titans Home & Office | Titans Home & Office | Titans Locker Room","TitansLockerRoom.com is the official pro shop of the Tennessee Titans, your store to find Titans jerseys, Tees, Hats, Titans Ladies Apparel, Nike Jerseys.",
"Kitchen & Drinkware","https://www.titanslockerroom.com/collections/kitchen-drinkware","Titans Kitchen & Drinkware | Titans Kitchen & Drinkware | Titans Locker Room","TitansLockerRoom.com is the official pro shop of the Tennessee Titans, your store to find Titans jerseys, Tees, Hats, Titans Ladies Apparel, Nike Jerseys.",
"Gameroom","https://www.titanslockerroom.com/collections/titans-gameroom-gear","Titans Gameroom Gear | Titans Locker Room","TitansLockerRoom.com is the official pro shop of the Tennessee Titans, your store to find Titans jerseys, Tees, Hats, Titans Ladies Apparel, Nike Jerseys.",
"Office","https://www.titanslockerroom.com/collections/titans-office-accessories","Titans Office Accessories | Titans Locker Room","TitansLockerRoom.com is the official pro shop of the Tennessee Titans, your store to find Titans jerseys, Tees, Hats, Titans Ladies Apparel, Nike Jerseys.",
"Flags & Wall Hangings","https://www.titanslockerroom.com/collections/flags-wall-hangings","Flags & Wall Hangings | Flags & Wall Hangings | Titans Locker Room","TitansLockerRoom.com is the official pro shop of the Tennessee Titans, your store to find Titans jerseys, Tees, Hats, Titans Ladies Apparel, Nike Jerseys.",
"Outdoor","https://www.titanslockerroom.com/collections/titans-outdoor-accessories","Titans Outdoor Accessories | Titans Locker Room","TitansLockerRoom.com is the official pro shop of the Tennessee Titans, your store to find Titans jerseys, Tees, Hats, Titans Ladies Apparel, Nike Jerseys.",
"Holiday","https://www.titanslockerroom.com/collections/titans-holiday-merchandise","Titans Holiday Merchandise | Titans Locker Room","TitansLockerRoom.com is the official pro shop of the Tennessee Titans, your store to find Titans jerseys, Tees, Hats, Titans Ladies Apparel, Nike Jerseys.",
"Collectibles","https://www.titanslockerroom.com/collections/titans-collectibles","Titans Collectibles | Titans Locker Room","TitansLockerRoom.com is the official pro shop of the Tennessee Titans, your store to find Titans jerseys, Tees, Hats, Titans Ladies Apparel, Nike Jerseys.",
"Memorabilia","https://www.titanslockerroom.com/collections/memorabilia","Titans Memorabilia | Titans Locker Room","TitansLockerRoom.com is the official pro shop of the Tennessee Titans, your store to find Titans jerseys, Tees, Hats, Titans Ladies Apparel, Nike Jerseys.",
"Hatpins","https://www.titanslockerroom.com/collections/titans-hatpins","Titans Hatpins | Titans Locker Room","TitansLockerRoom.com is the official pro shop of the Tennessee Titans, your store to find Titans jerseys, Tees, Hats, Titans Ladies Apparel, Nike Jerseys.",
"Publications","https://www.titanslockerroom.com/collections/publications","Publications | Titans Locker Room","TitansLockerRoom.com is the official pro shop of the Tennessee Titans, your store to find Titans jerseys, Tees, Hats, Titans Ladies Apparel, Nike Jerseys.",
"Sale","https://www.titanslockerroom.com/collections/sale","Sale | Titans Locker Room","TitansLockerRoom.com is the official pro shop of the Tennessee Titans, your store to find Titans jerseys, Tees, Hats, Titans Ladies Apparel, Nike Jerseys.",
"Apparel","https://www.titanslockerroom.com/collections/sale-titans-apparel","Sale Titans Apparel | Titans Locker Room","TitansLockerRoom.com is the official pro shop of the Tennessee Titans, your store to find Titans jerseys, Tees, Hats, Titans Ladies Apparel, Nike Jerseys.",
"Headwear","https://www.titanslockerroom.com/collections/sale-titans-headwear","Sale Titans Headwear | Titans Locker Room","TitansLockerRoom.com is the official pro shop of the Tennessee Titans, your store to find Titans jerseys, Tees, Hats, Titans Ladies Apparel, Nike Jerseys.",
"Youth","https://www.titanslockerroom.com/collections/sale-youth-apparel","Sale Youth Apparel | Titans Locker Room","TitansLockerRoom.com is the official pro shop of the Tennessee Titans, your store to find Titans jerseys, Tees, Hats, Titans Ladies Apparel, Nike Jerseys.",
"Novelties","https://www.titanslockerroom.com/collections/sale-novelties","Sale Novelties | Titans Locker Room","TitansLockerRoom.com is the official pro shop of the Tennessee Titans, your store to find Titans jerseys, Tees, Hats, Titans Ladies Apparel, Nike Jerseys.",
"Jerseys","https://www.titanslockerroom.com/collections/jerseys","Titans Jerseys | Titans Locker Room","TitansLockerRoom.com is the official pro shop of the Tennessee Titans, your store to find Titans jerseys, Tees, Hats, Titans Ladies Apparel, Nike Jerseys.",
"Game","https://www.titanslockerroom.com/collections/titans-game-jerseys","Titans Game Jerseys | Titans Locker Room","TitansLockerRoom.com is the official pro shop of the Tennessee Titans, your store to find Titans jerseys, Tees, Hats, Titans Ladies Apparel, Nike Jerseys.",
"Limited","https://www.titanslockerroom.com/collections/titans-limited-jerseys","Titans Limited Jerseys | Titans Locker Room","TitansLockerRoom.com is the official pro shop of the Tennessee Titans, your store to find Titans jerseys, Tees, Hats, Titans Ladies Apparel, Nike Jerseys.",
"Elite","https://www.titanslockerroom.com/collections/titans-elite-jerseys","Titans Elite Jerseys | Titans Locker Room","TitansLockerRoom.com is the official pro shop of the Tennessee Titans, your store to find Titans jerseys, Tees, Hats, Titans Ladies Apparel, Nike Jerseys.",
"Women","https://www.titanslockerroom.com/collections/womens-titans-jerseys","Women's Titans Jerseys | Women's Titans Jerseys | Titans Locker Room","TitansLockerRoom.com is the official pro shop of the Tennessee Titans, your store to find Titans jerseys, Tees, Hats, Titans Ladies Apparel, Nike Jerseys.",
"Youth","https://www.titanslockerroom.com/collections/kids-titans-jerseys","Kids Titans Jerseys | Titans Locker Room","TitansLockerRoom.com is the official pro shop of the Tennessee Titans, your store to find Titans jerseys, Tees, Hats, Titans Ladies Apparel, Nike Jerseys.",
"Personalized","https://www.titanslockerroom.com/collections/personalized-titans-jerseys","Personalized Titans Jerseys & T-Shirts | Personalized Titans Jerseys & T-Shirts | Titans Locker Room","TitansLockerRoom.com is the official pro shop of the Tennessee Titans, your store to find Titans jerseys, Tees, Hats, Titans Ladies Apparel, Nike Jerseys.",
"Men","https://www.titanslockerroom.com/collections/mens-titans-apparel","Men's Titans Apparel | Men's Titans Apparel | Titans Locker Room","TitansLockerRoom.com is the official pro shop of the Tennessee Titans, your store to find Titans jerseys, Tees, Hats, Titans Ladies Apparel, Nike Jerseys.",
"Jerseys","https://www.titanslockerroom.com/collections/mens-titans-jerseys","Men's Titans Jerseys | Men's Titans Jerseys | Titans Locker Room","TitansLockerRoom.com is the official pro shop of the Tennessee Titans, your store to find Titans jerseys, Tees, Hats, Titans Ladies Apparel, Nike Jerseys.",
"T-Shirts","https://www.titanslockerroom.com/collections/mens-titans-t-shirts","Men's Titans T-Shirts | Men's Titans T-Shirts | Titans Locker Room","TitansLockerRoom.com is the official pro shop of the Tennessee Titans, your store to find Titans jerseys, Tees, Hats, Titans Ladies Apparel, Nike Jerseys.",
"Sweatshirts & Jackets","https://www.titanslockerroom.com/collections/mens-titans-sweatshirts-jackets","Men's Titans Sweatshirts & Jackets | Men's Titans Sweatshirts & Jackets | Titans Locker Room","TitansLockerRoom.com is the official pro shop of the Tennessee Titans, your store to find Titans jerseys, Tees, Hats, Titans Ladies Apparel, Nike Jerseys.",
"Hats","https://www.titanslockerroom.com/collections/mens-titans-hats","Men's Titans Hats | Men's Titans Hats | Titans Locker Room","TitansLockerRoom.com is the official pro shop of the Tennessee Titans, your store to find Titans jerseys, Tees, Hats, Titans Ladies Apparel, Nike Jerseys.",
"Polos & Sport Shirts","https://www.titanslockerroom.com/collections/mens-titans-polos-sport-shirts","Men's Titans Polos & Sport Shirts | Men's Titans Polos & Sport Shirts | Titans Locker Room","TitansLockerRoom.com is the official pro shop of the Tennessee Titans, your store to find Titans jerseys, Tees, Hats, Titans Ladies Apparel, Nike Jerseys.",
"Pants & Shorts","https://www.titanslockerroom.com/collections/mens-titans-pants-shorts","Men's Titans Pants & Shorts | Men's Titans Pants & Shorts | Titans Locker Room","TitansLockerRoom.com is the official pro shop of the Tennessee Titans, your store to find Titans jerseys, Tees, Hats, Titans Ladies Apparel, Nike Jerseys.",
"3X-5X","https://www.titanslockerroom.com/collections/titans-extended-sizes","Titans Extended Sizes | Titans Locker Room","TitansLockerRoom.com is the official pro shop of the Tennessee Titans, your store to find Titans jerseys, Tees, Hats, Titans Ladies Apparel, Nike Jerseys.",
"Footwear","https://www.titanslockerroom.com/collections/mens-titans-footwear","Men's Titans Footwear | Men's Titans Footwear | Titans Locker Room","TitansLockerRoom.com is the official pro shop of the Tennessee Titans, your store to find Titans jerseys, Tees, Hats, Titans Ladies Apparel, Nike Jerseys.",
"Accessories","https://www.titanslockerroom.com/collections/mens-titans-accessories","Men's Titans Accessories | Men's Titans Accessories | Titans Locker Room","TitansLockerRoom.com is the official pro shop of the Tennessee Titans, your store to find Titans jerseys, Tees, Hats, Titans Ladies Apparel, Nike Jerseys.",
"Women","https://www.titanslockerroom.com/collections/womens-titans-apparel","Women's Titans Apparel | Women's Titans Apparel | Titans Locker Room","TitansLockerRoom.com is the official pro shop of the Tennessee Titans, your store to find Titans jerseys, Tees, Hats, Titans Ladies Apparel, Nike Jerseys.",
"Jerseys","https://www.titanslockerroom.com/collections/womens-titans-jerseys","Women's Titans Jerseys | Women's Titans Jerseys | Titans Locker Room","TitansLockerRoom.com is the official pro shop of the Tennessee Titans, your store to find Titans jerseys, Tees, Hats, Titans Ladies Apparel, Nike Jerseys.",
"T-Shirts & Tanks","https://www.titanslockerroom.com/collections/womens-titans-tees-tanks","Women's Titans T-Shirts & Tanks | Women's Titans T-Shirts & Tanks | Titans Locker Room","TitansLockerRoom.com is the official pro shop of the Tennessee Titans, your store to find Titans jerseys, Tees, Hats, Titans Ladies Apparel, Nike Jerseys.",
"Sweatshirts & Jackets","https://www.titanslockerroom.com/collections/titans-womens-sweatshirts-jackets","Titans Women's Sweatshirts & Jackets | Titans Women's Sweatshirts & Jackets | Titans Locker Room","TitansLockerRoom.com is the official pro shop of the Tennessee Titans, your store to find Titans jerseys, Tees, Hats, Titans Ladies Apparel, Nike Jerseys.",
"Hats","https://www.titanslockerroom.com/collections/womens-titans-hats","Women's Titans Hats | Women's Titans Hats | Titans Locker Room","TitansLockerRoom.com is the official pro shop of the Tennessee Titans, your store to find Titans jerseys, Tees, Hats, Titans Ladies Apparel, Nike Jerseys.",
"Pants & Shorts","https://www.titanslockerroom.com/collections/womens-titans-pants-shorts","Women's Titans Pants & Shorts | Women's Titans Pants & Shorts | Titans Locker Room","TitansLockerRoom.com is the official pro shop of the Tennessee Titans, your store to find Titans jerseys, Tees, Hats, Titans Ladies Apparel, Nike Jerseys.",
"Footwear","https://www.titanslockerroom.com/collections/womens-titans-footwear","Women's Titans Footwear | Women's Titans Footwear | Titans Locker Room","TitansLockerRoom.com is the official pro shop of the Tennessee Titans, your store to find Titans jerseys, Tees, Hats, Titans Ladies Apparel, Nike Jerseys.",
"Accessories & Jewelry","https://www.titanslockerroom.com/collections/womens-titans-accessories-jewelry","Women's Titans Accessories & Jewelry | Women's Titans Accessories & Jewelry | Titans Locker Room","TitansLockerRoom.com is the official pro shop of the Tennessee Titans, your store to find Titans jerseys, Tees, Hats, Titans Ladies Apparel, Nike Jerseys.",
"Kids","https://www.titanslockerroom.com/collections/kids-titans-apparel","Kids' Titans Apparel | Kids' Titans Apparel | Titans Locker Room","TitansLockerRoom.com is the official pro shop of the Tennessee Titans, your store to find Titans jerseys, Tees, Hats, Titans Ladies Apparel, Nike Jerseys.",
"Jerseys","https://www.titanslockerroom.com/collections/kids-titans-jerseys","Kids Titans Jerseys | Titans Locker Room","TitansLockerRoom.com is the official pro shop of the Tennessee Titans, your store to find Titans jerseys, Tees, Hats, Titans Ladies Apparel, Nike Jerseys.",
"Infant & Toddler","https://www.titanslockerroom.com/collections/infant-toddler-titans-apparel","Infant & Toddler Titans Apparel | Infant & Toddler Titans Apparel | Titans Locker Room","TitansLockerRoom.com is the official pro shop of the Tennessee Titans, your store to find Titans jerseys, Tees, Hats, Titans Ladies Apparel, Nike Jerseys.",
"Girls","https://www.titanslockerroom.com/collections/girls-titans-apparel","Girls Titans Apparel | Titans Locker Room","TitansLockerRoom.com is the official pro shop of the Tennessee Titans, your store to find Titans jerseys, Tees, Hats, Titans Ladies Apparel, Nike Jerseys.",
"Youth","https://www.titanslockerroom.com/collections/youth-titans-apparel","Youth Titans Apparel | Titans Locker Room","TitansLockerRoom.com is the official pro shop of the Tennessee Titans, your store to find Titans jerseys, Tees, Hats, Titans Ladies Apparel, Nike Jerseys.",
"Hats","https://www.titanslockerroom.com/collections/kids-titans-hats","Kids' Titans Hats | Kids' Titans Hats | Titans Locker Room","TitansLockerRoom.com is the official pro shop of the Tennessee Titans, your store to find Titans jerseys, Tees, Hats, Titans Ladies Apparel, Nike Jerseys.",
"Games & Toys","https://www.titanslockerroom.com/collections/titans-games-toys","Titans Games & Toys | Titans Games & Toys | Titans Locker Room","TitansLockerRoom.com is the official pro shop of the Tennessee Titans, your store to find Titans jerseys, Tees, Hats, Titans Ladies Apparel, Nike Jerseys.",
"Hats","https://www.titanslockerroom.com/collections/titans-hats","Titans Hats | Titans Locker Room","TitansLockerRoom.com is the official pro shop of the Tennessee Titans, your store to find Titans jerseys, Tees, Hats, Titans Ladies Apparel, Nike Jerseys.",
"Fitted & Flex","https://www.titanslockerroom.com/collections/fitted-flex-titans-hats","Fitted & Flex Titans Hats | Fitted & Flex Titans Hats | Titans Locker Room","TitansLockerRoom.com is the official pro shop of the Tennessee Titans, your store to find Titans jerseys, Tees, Hats, Titans Ladies Apparel, Nike Jerseys.",
"Adjustable","https://www.titanslockerroom.com/collections/adjustable-titans-hats","Adjustable Titans Hats | Titans Locker Room","TitansLockerRoom.com is the official pro shop of the Tennessee Titans, your store to find Titans jerseys, Tees, Hats, Titans Ladies Apparel, Nike Jerseys.",
"Women","https://www.titanslockerroom.com/collections/womens-titans-hats","Women's Titans Hats | Women's Titans Hats | Titans Locker Room","TitansLockerRoom.com is the official pro shop of the Tennessee Titans, your store to find Titans jerseys, Tees, Hats, Titans Ladies Apparel, Nike Jerseys.",
"Kids","https://www.titanslockerroom.com/collections/kids-titans-hats","Kids' Titans Hats | Kids' Titans Hats | Titans Locker Room","TitansLockerRoom.com is the official pro shop of the Tennessee Titans, your store to find Titans jerseys, Tees, Hats, Titans Ladies Apparel, Nike Jerseys.",
"Knit & Winter Accessories","https://www.titanslockerroom.com/collections/knit-winter-accessories","Knit & Winter Accessories | Knit & Winter Accessories | Titans Locker Room","TitansLockerRoom.com is the official pro shop of the Tennessee Titans, your store to find Titans jerseys, Tees, Hats, Titans Ladies Apparel, Nike Jerseys.",
"Novelty","https://www.titanslockerroom.com/collections/titans-novelties","Titans Novelties | Titans Locker Room","TitansLockerRoom.com is the official pro shop of the Tennessee Titans, your store to find Titans jerseys, Tees, Hats, Titans Ladies Apparel, Nike Jerseys.",
"Helmets & Footballs","https://www.titanslockerroom.com/collections/helmets-footballs","Helmets & Footballs | Helmets & Footballs | Titans Locker Room","TitansLockerRoom.com is the official pro shop of the Tennessee Titans, your store to find Titans jerseys, Tees, Hats, Titans Ladies Apparel, Nike Jerseys.",
"Tailgate","https://www.titanslockerroom.com/collections/titans-tailgate-gear","Titans Tailgate Gear | Titans Locker Room","TitansLockerRoom.com is the official pro shop of the Tennessee Titans, your store to find Titans jerseys, Tees, Hats, Titans Ladies Apparel, Nike Jerseys.",
"Car Accessories","https://www.titanslockerroom.com/collections/titans-car-accessories","Titans Car Accessories | Titans Locker Room","TitansLockerRoom.com is the official pro shop of the Tennessee Titans, your store to find Titans jerseys, Tees, Hats, Titans Ladies Apparel, Nike Jerseys.",
"Golf Accessories","https://www.titanslockerroom.com/collections/golf-accessories","Titans Golf Accessories | Titans Locker Room","TitansLockerRoom.com is the official pro shop of the Tennessee Titans, your store to find Titans jerseys, Tees, Hats, Titans Ladies Apparel, Nike Jerseys.",
"Pet Accessories","https://www.titanslockerroom.com/collections/pet-accessories","Titans Pet Accessories | Titans Locker Room","TitansLockerRoom.com is the official pro shop of the Tennessee Titans, your store to find Titans jerseys, Tees, Hats, Titans Ladies Apparel, Nike Jerseys.",
"Games & Toys","https://www.titanslockerroom.com/collections/titans-games-toys","Titans Games & Toys | Titans Games & Toys | Titans Locker Room","TitansLockerRoom.com is the official pro shop of the Tennessee Titans, your store to find Titans jerseys, Tees, Hats, Titans Ladies Apparel, Nike Jerseys.",
"Home & Office","https://www.titanslockerroom.com/collections/home-office","Titans Home & Office | Titans Home & Office | Titans Locker Room","TitansLockerRoom.com is the official pro shop of the Tennessee Titans, your store to find Titans jerseys, Tees, Hats, Titans Ladies Apparel, Nike Jerseys.",
"Kitchen & Drinkware","https://www.titanslockerroom.com/collections/kitchen-drinkware","Titans Kitchen & Drinkware | Titans Kitchen & Drinkware | Titans Locker Room","TitansLockerRoom.com is the official pro shop of the Tennessee Titans, your store to find Titans jerseys, Tees, Hats, Titans Ladies Apparel, Nike Jerseys.",
"Gameroom","https://www.titanslockerroom.com/collections/titans-gameroom-gear","Titans Gameroom Gear | Titans Locker Room","TitansLockerRoom.com is the official pro shop of the Tennessee Titans, your store to find Titans jerseys, Tees, Hats, Titans Ladies Apparel, Nike Jerseys.",
"Office","https://www.titanslockerroom.com/collections/titans-office-accessories","Titans Office Accessories | Titans Locker Room","TitansLockerRoom.com is the official pro shop of the Tennessee Titans, your store to find Titans jerseys, Tees, Hats, Titans Ladies Apparel, Nike Jerseys.",
"Flags & Wall Hangings","https://www.titanslockerroom.com/collections/flags-wall-hangings","Flags & Wall Hangings | Flags & Wall Hangings | Titans Locker Room","TitansLockerRoom.com is the official pro shop of the Tennessee Titans, your store to find Titans jerseys, Tees, Hats, Titans Ladies Apparel, Nike Jerseys.",
"Outdoor","https://www.titanslockerroom.com/collections/titans-outdoor-accessories","Titans Outdoor Accessories | Titans Locker Room","TitansLockerRoom.com is the official pro shop of the Tennessee Titans, your store to find Titans jerseys, Tees, Hats, Titans Ladies Apparel, Nike Jerseys.",
"Holiday","https://www.titanslockerroom.com/collections/titans-holiday-merchandise","Titans Holiday Merchandise | Titans Locker Room","TitansLockerRoom.com is the official pro shop of the Tennessee Titans, your store to find Titans jerseys, Tees, Hats, Titans Ladies Apparel, Nike Jerseys.",
"Collectibles","https://www.titanslockerroom.com/collections/titans-collectibles","Titans Collectibles | Titans Locker Room","TitansLockerRoom.com is the official pro shop of the Tennessee Titans, your store to find Titans jerseys, Tees, Hats, Titans Ladies Apparel, Nike Jerseys.",
"Memorabilia","https://www.titanslockerroom.com/collections/memorabilia","Titans Memorabilia | Titans Locker Room","TitansLockerRoom.com is the official pro shop of the Tennessee Titans, your store to find Titans jerseys, Tees, Hats, Titans Ladies Apparel, Nike Jerseys.",
"Hatpins","https://www.titanslockerroom.com/collections/titans-hatpins","Titans Hatpins | Titans Locker Room","TitansLockerRoom.com is the official pro shop of the Tennessee Titans, your store to find Titans jerseys, Tees, Hats, Titans Ladies Apparel, Nike Jerseys.",
"Publications","https://www.titanslockerroom.com/collections/publications","Publications | Titans Locker Room","TitansLockerRoom.com is the official pro shop of the Tennessee Titans, your store to find Titans jerseys, Tees, Hats, Titans Ladies Apparel, Nike Jerseys.",
"Sale","https://www.titanslockerroom.com/collections/sale","Sale | Titans Locker Room","TitansLockerRoom.com is the official pro shop of the Tennessee Titans, your store to find Titans jerseys, Tees, Hats, Titans Ladies Apparel, Nike Jerseys.",
"Apparel","https://www.titanslockerroom.com/collections/sale-titans-apparel","Sale Titans Apparel | Titans Locker Room","TitansLockerRoom.com is the official pro shop of the Tennessee Titans, your store to find Titans jerseys, Tees, Hats, Titans Ladies Apparel, Nike Jerseys.",
"Headwear","https://www.titanslockerroom.com/collections/sale-titans-headwear","Sale Titans Headwear | Titans Locker Room","TitansLockerRoom.com is the official pro shop of the Tennessee Titans, your store to find Titans jerseys, Tees, Hats, Titans Ladies Apparel, Nike Jerseys.",
"Youth","https://www.titanslockerroom.com/collections/sale-youth-apparel","Sale Youth Apparel | Titans Locker Room","TitansLockerRoom.com is the official pro shop of the Tennessee Titans, your store to find Titans jerseys, Tees, Hats, Titans Ladies Apparel, Nike Jerseys.",
"Novelties","https://www.titanslockerroom.com/collections/sale-novelties","Sale Novelties | Titans Locker Room","TitansLockerRoom.com is the official pro shop of the Tennessee Titans, your store to find Titans jerseys, Tees, Hats, Titans Ladies Apparel, Nike Jerseys.",
